,rank,loo,p_loo,d_loo,weight,se,dse,warning,loo_scale
ptn,0,-12406.4068164878,566.4551009598035,0.0,0.8896328244241952,92.92796027397948,0.0,True,log
bs-varying,1,-13814.205563436084,1117.6579650353851,1407.7987469482828,0.012019464900823479,85.30507310826489,65.54438710558901,True,log
bs,2,-13917.918956107205,999.1461379393277,1511.5121396194027,0.09834771067498127,85.59037353888547,71.65036490191878,True,log
