,rank,loo,p_loo,d_loo,weight,se,dse,warning,loo_scale
ptn,0,-24049.675593287164,554.2636928135435,0.0,0.7351796605688974,92.46046183254077,0.0,True,log
bs-varying,1,-24259.21028928556,1197.8078748308217,209.53469599839732,0.26482033942621863,95.81847820440858,32.088307239895784,True,log
bs,2,-25296.014723136333,1170.3500220454407,1246.3391298491756,4.883982107628526e-12,101.58093732636756,56.502241309703585,True,log
